Food & Drink,Australia,Waurn Ponds,https://www.tripadvisor.com.my/Attraction_Review-g2671384-d7208953-Reviews-Mt_Duneed_Estate-Waurn_Ponds_Victoria.html
Water & Amusement Parks,Australia,Waurn Ponds,https://www.tripadvisor.com.my/Attraction_Review-g2671384-d12354765-Reviews-Leisurelink_Aquatic_and_Recreation_Centre-Waurn_Ponds_Victoria.html
Nature & Parks,Australia,Waurn Ponds,https://www.tripadvisor.com.my/Attraction_Review-g2671384-d13340324-Reviews-Stewart_Reserve-Waurn_Ponds_Victoria.html
Shopping,Australia,Waurn Ponds,https://www.tripadvisor.com.my/Attraction_Review-g2671384-d7376530-Reviews-Waurn_Ponds_Shopping_Centre-Waurn_Ponds_Victoria.html
Food & Drink,Australia,Gladstone,https://www.tripadvisor.com.my/Attraction_Review-g255336-d7265377-Reviews-Gecko_Valley_Winery-Gladstone_Queensland.html
Casinos & Gambling,Australia,Gladstone,https://www.tripadvisor.com.my/Attraction_Review-g255336-d10055808-Reviews-Gladstone_Turf_Club-Gladstone_Queensland.html
Spas & Wellness,Australia,Gladstone,https://www.tripadvisor.com.my/Attraction_Review-g255336-d12833470-Reviews-Endota_spa_Gladstone-Gladstone_Queensland.html
Spas & Wellness,Australia,Gladstone,https://www.tripadvisor.com.my/Attraction_Review-g255336-d9998022-Reviews-Be_Pampered_Skin_Beauty-Gladstone_Queensland.html
Sights & Landmarks,Australia,Gladstone,https://www.tripadvisor.com.my/Attraction_Review-g255336-d12387081-Reviews-Auckland_Hill_Lookout-Gladstone_Queensland.html
Traveller Resources,Australia,Gladstone,https://www.tripadvisor.com.my/Attraction_Review-g255336-d8390956-Reviews-Gladstone_Visitor_Information_Centre-Gladstone_Queensland.html
Sights & Landmarks,Australia,Gladstone,https://www.tripadvisor.com.my/Attraction_Review-g255336-d14038808-Reviews-Round_Hill_Lookout-Gladstone_Queensland.html
Traveller Resources,Australia,Gladstone,https://www.tripadvisor.com.my/Attraction_Review-g255336-d10906726-Reviews-Gladstone_Entertainment_Convention_Centre-Gladstone_Queensland.html
Sights & Landmarks,Australia,Gladstone,https://www.tripadvisor.com.my/Attraction_Review-g255336-d16726649-Reviews-The_Old_Gladstone_Post_Office-Gladstone_Queensland.html
Shopping,Australia,Gladstone,https://www.tripadvisor.com.my/Attraction_Review-g255336-d10198094-Reviews-Gladstone_Regional_Art_Gallery_Museum-Gladstone_Queensland.html
Nightlife,Australia,Gladstone,https://www.tripadvisor.com.my/Attraction_Review-g255336-d7376596-Reviews-Lightbox_Espresso_Wine_Bar-Gladstone_Queensland.html
Sights & Landmarks,Australia,Gladstone,https://www.tripadvisor.com.my/Attraction_Review-g255336-d14074099-Reviews-Transfortmation_Church-Gladstone_Queensland.html
Shopping,Australia,Gladstone,https://www.tripadvisor.com.my/Attraction_Review-g255336-d13816592-Reviews-Stockland_Gladstone_Shopping_Centre-Gladstone_Queensland.html
Nightlife,Australia,Gladstone,https://www.tripadvisor.com.my/Attraction_Review-g255336-d5991125-Reviews-Queens_Hotel_Motel_Gladstone-Gladstone_Queensland.html
Nightlife,Australia,Gladstone,https://www.tripadvisor.com.my/Attraction_Review-g255336-d5994487-Reviews-Grand_Hotel_Gladstone-Gladstone_Queensland.html
Nightlife,Australia,Gladstone,https://www.tripadvisor.com.my/Attraction_Review-g255336-d10160867-Reviews-MIePLACE_Nightclub-Gladstone_Queensland.html
Fun & Games,Australia,Gladstone,https://www.tripadvisor.com.my/Attraction_Review-g255336-d7815545-Reviews-East_Shores_Water_Park-Gladstone_Queensland.html
Boat Tours & Water Sports,Australia,Gladstone,https://www.tripadvisor.com.my/Attraction_Review-g255336-d7144366-Reviews-Curtis_Ferry_Services-Gladstone_Queensland.html
Fun & Games,Australia,Gladstone,https://www.tripadvisor.com.my/Attraction_Review-g255336-d7940270-Reviews-Gladstone_Tennis_Squash_Club-Gladstone_Queensland.html
Museums,Australia,Gladstone,https://www.tripadvisor.com.my/Attraction_Review-g255336-d12870492-Reviews-Gladstone_Maritime_Museum-Gladstone_Queensland.html
Boat Tours & Water Sports,Australia,Gladstone,https://www.tripadvisor.com.my/Attraction_Review-g255336-d3214716-Reviews-Gladstone_CBD_Tours_Coffee_Cruise-Gladstone_Queensland.html
Fun & Games,Australia,Gladstone,https://www.tripadvisor.com.my/Attraction_Review-g255336-d9861105-Reviews-Gladstone_Cinemas-Gladstone_Queensland.html
Boat Tours & Water Sports,Australia,Gladstone,https://www.tripadvisor.com.my/Attraction_Review-g255336-d12293175-Reviews-HMAS_Gladstone-Gladstone_Queensland.html
Boat Tours & Water Sports,Australia,Gladstone,https://www.tripadvisor.com.my/Attraction_Review-g255336-d3315462-Reviews-M_V_Mikat_Cruises-Gladstone_Queensland.html
Fun & Games,Australia,Gladstone,https://www.tripadvisor.com.my/Attraction_Review-g255336-d16659607-Reviews-The_Way_Out_Gladstone-Gladstone_Queensland.html
Tours,Australia,Gladstone,https://www.tripadvisor.com.my/Attraction_Review-g255336-d9786938-Reviews-Australia_by_Seaplane-Gladstone_Queensland.html
Tours,Australia,Gladstone,https://www.tripadvisor.com.my/Attraction_Review-g255336-d15696326-Reviews-LS_Tours_Qld-Gladstone_Queensland.html
Outdoor Activities,Australia,Gladstone,https://www.tripadvisor.com.my/Attraction_Review-g255336-d8756202-Reviews-Gladstone_Golf_Club-Gladstone_Queensland.html
Nature & Parks,Australia,Gladstone,https://www.tripadvisor.com.my/Attraction_Review-g255336-d7104584-Reviews-Tondoon_Botanic_Gardens-Gladstone_Queensland.html
Nature & Parks,Australia,Gladstone,https://www.tripadvisor.com.my/Attraction_Review-g255336-d10629380-Reviews-Spinnaker_Park-Gladstone_Queensland.html
Nature & Parks,Australia,Gladstone,https://www.tripadvisor.com.my/Attraction_Review-g255336-d12231760-Reviews-Reg_Tanna_Park-Gladstone_Queensland.html
Nature & Parks,Australia,Gladstone,https://www.tripadvisor.com.my/Attraction_Review-g255336-d16683002-Reviews-Victoria_park-Gladstone_Queensland.html
Nature & Parks,Australia,Gladstone,https://www.tripadvisor.com.my/Attraction_Review-g255336-d10821485-Reviews-Capricornia_Cays_National_Park-Gladstone_Queensland.html
Nature & Parks,Australia,Gladstone,https://www.tripadvisor.com.my/Attraction_Review-g255336-d10678896-Reviews-Curtis_Island_National_Park_and_Regional_Park-Gladstone_Queensland.html
Nature & Parks,Australia,Gladstone,https://www.tripadvisor.com.my/Attraction_Review-g255336-d12274313-Reviews-Dan_Dan_National_Park-Gladstone_Queensland.html
